"sample_name","barcode","VH","VL","locus"
"BCP003_MBC","BCP3_MBC_AACACGTCAATGAATG","QVHLVESGGGVVQPGKSLRLSCAATGFTFSNYGMHWVRQAPGKGLEWVAFIRYDGSIKYYADSVKGRFTISRDNSNNTLSLHMNSLRAEDTAVYYCAKEGGTVTTDYFDSWGQGTLVTVSS","DIQMTQSPSTLSASVGDRVSITCRASQSISSWLAWYQQKPGKAPKLLIYKASSLERGVPSRFSGSGSGTEFTLTISSLQPDDFATYHCQQYDSYPYTFGQGTKLEIK","IGK"
"BCP003_MBC","BCP3_MBC_CAGATCATCTGATTCT","QVQLQESGPGLVKPSGTLSLTCAVSGGSISSTNWWTWVRQPPGKGLRWIGEIHHSGSANYDPSLKSRVTISVDKSKNQFSLKLSSVTAADTAMYYCARVTWRPYYYGMDVWGQGTTVTVSS","EIVLTQSPGTLSLSPGERATLSCRASQGVSSTYLAWYQQKPGQAPRLLIYGASSRATGIPDRFSGSGSGTDFTLTISRLEPEDFAVYYCQQYGSSLFTFGPGTKVDIK","IGK"
"BCP003_MBC","BCP3_MBC_CGGGTCAAGCTGGAAC","QVQLQESGPRLVKPSETLSLTCTVSGGSISSYYWSWIRQPPGKGLEWIGYIYYSGSTNYNPSLKSRVTISVDTSKKQFSLKLSSVTAADTAVYYCARQVRMVVTAISPEYYFDYWGQGTLVTVSS","EIKLTQSPATLSVSPGERATLSCRASQSVRSNLAWYQQKPGQTPRLLIYGASTRATGIPARFSGRGSGTEFTLTISSLQSEDFAVYYCQQYIHWHVFGGGTKVEIK","IGK"
"BCP003_MBC","BCP3_MBC_CTCGTACCAGTATGCT","QVQVMQSGAEMKKPGASVKVSCKASGYTFTSYPLHWVRQAPGQRLEWMGWSNAGNGNTKYSQNFQGRLTITWDTSASTAYMELASLRSEDTAVYYCVRDPNNRNGDYFDYWGQGTLVTVSS","DIQMTQSPSTLSASVGDRVTITCRASQTISSWLAWYQHKPGKAPNLLIYKASTLESGVPSRFSGSGSGTEFTLTISSLQPDDFATYYCQQYNSYPTFGQGTKVEIK","IGK"
"BCP003_Total","BCP3_Total_AAAGATGAGCCGATTT","EVHLVESGGGLVQPGGSLRLSCAASGFTLSRYWMSWIRQAPGKGLEWVANIKLDGSEKYYVDSVKGRFTISRDNAQNSLYLQMNSLRAEDTAVYYCARDWGTKWEPFQHWGQGTLVTVSS","EIVMTQSPATLSVSPGERATLSCRASQSVSSNLAWYQQKPGQAPRLLMYGVSTRATAIPARFSGSGSGTEFTLTISSLQSEDFAVYYCQQYNNWPPLFTFGPGTKVDIK","IGK"
"BCP003_Total","BCP3_Total_AAATGCCGTGGAAAGA","EVQPVQSGAAMKQPGESLRISCKVAGDISIQSWIGWVRQTSGKGLEWVGRIDPRDSYTDYSPSFQGHVTLSVDKSVNTAYLQWRSLKASDTAVYYCARLSMAGVNWGQGTQVIVSS","DVVMTQSPLSLPVALGQPASISFTSSQSLVHSDGNTYFNWFHQRPGQSPRRLIYRISNRDPGVPDRFSGSGSGTDFTLKIMRVEADDVGFYYCMQGTHWPYTFGQGTKLEIK","IGK"
"BCP003_Total","BCP3_Total_AACACGTCATGAGCGA","QVQLVESGGGVVQPGTSLRLSCAASRFTFSDHAMNWVRQPPGKGLEWVAFIRYDGNYHVYGDSVRGRFTISRDNFKSTLSLHMNSLRTEDTAVYYCVKVRLSKLRSPGGDMDVWGRGTTVTVSS","QSALTQPASVSGSPGQSITISCTGVSSALNGYNSVSWFQQHPDKAPNLIIYDVGHRPSGISDRFSGSKSGYTASLTISGLQAEDEADYYCVSSTTSETLYVFGSGTRVTVL","IGL"
"BCP003_Total","BCP3_Total_AACTGGTAGGCGATAC","EVQLLESGGGLVQFGGSLRLSCAASGFSLRSNAMTWVRQAPGKGLEWVSSISISGDTTHYAGSVKGRITISRDNSKNTLYLQMNSLGPEDTAVYYCARLPVKYLDSGGYPFDYWGQGTLVTVSS","SYELTQPPSVSVSPGQTASITCSGDRLGDRYASWYQQKPGHSPVLVMSHDNKRPSGIPERFSGSNSGNTATLTISGTQAMDEADYYCQAWDSSTVVFGGGTKLTVL","IGL"
"BCP003_Total","BCP3_Total_AAGCCGCTCAGCTTAG","QVQLVQSGAEVKKPGASVKVSCKASGYTFTTYYMHWVRQAPGQGFEWMGWINPNSGGTNCAQKFQGWVTMTRDTSISTAYMEVSRLTSDDTAVYYCVTVRSGDIAAPTLNPFDHWGQGTLVTVSS","DIQMTQSPSTLSALVGDRVTITCRASQSISSWLAWYQQKPGKAPNLLIYEASSLESGVPSRFSGSGSGTEFTLTISSLQPDDFATYYCQQYNSYSPTFGQGTKVEIK","IGK"
"BCP003_Total","BCP3_Total_AAGGAGCTCCATTCTA","EVQLVESGGGLVKPGGSLRLSCAASGFTFSNAWMSWVRQAPGKGLEWVGRIKSKSDGGTTDYAAPVKGRFTISRDDSKNTLHLQMNSLKSEDTAVYYCTTDPYYDIVTAYYGGLNDYWGQGTLVTVSS","DIQMTQSPSSLSASVGHRVTITCRASQSINNFLNWYQQKPGKAPKLLIYAASSLQSGVPSRFSGSGSGTDFTLAISSLQPEDFATYYCQQTYSATFGPGTKVDIK","IGK"
"BCP003_Total","BCP3_Total_AAGGTTCTCTTATCTG","QLQLQESGPGLVKPSETLSLTCTVSGGSITSTTYYWGWIRQPPGKGLEWVGTIYYSGSTSYNPSLKSRVTISVDTSKNQFSLNLNSVTAADTAVYFCARKNILYTHWGYWGQGTLVTVSS","QSVLTQPPSVSAAPGQKVTISCSGSTSNIGNNCVSWYQQLPGTAPKLLIFDNNKRPSGIPDRFSGSKSGTSATLGITGLQTGDEADYYCGTWDSSLSAGGVFGGGTKLTVL","IGL"
"BCP003_Total","BCP3_Total_AATCCAGTCGTAGGTT","EVQLLESGGGLVQPGGSLRLSCAASGFTFSSYAMSWVRQAPGEGLEWVSTISGSGGKTYYADSVKGRFTISRDNSKNTLYLQMNSLRAEDTAVYYCAKDLNYYDSSGYYHDAFDIWGQGTMVTVSS","DIQMTQSPSSLSASVGDRVTITCRASQVISNYLAWYQQKPGKVPKLLIYAASTLQSGVPSRFSGSGSGTDFTLTISSLQPEDVATYYCQKYNSAPWTFGQGTKVEIK","IGK"
"BCP003_Total","BCP3_Total_ACACCGGCATGGGAAC","QVQLQESGPGLVKPSETLSLTCTVSGGSITNYYWSWIRQPPGKGLEWIGYMYYSGNTNFNPSLKSRVTISADTSKIQFSLRLSSVTAADTAVYYCARHRGVDDYGGYGDYFDYWGQGTLVTVSS","SYELTQPFSVSVALGQTASITCGGDNIGTKNVHWYQHKPGQAPVLVIYRDSNRPSGIPQRFSGSNSGNTATLTIDRAQAGDEADYYCQVWDSGTDVVFGGGTMLTVL","IGL"
"BCP003_Total","BCP3_Total_ACAGCTACAAGCCATT","EVQLVQSGAEVKKPGESLKISCKGSGYRFSTYWIGWVRQLPGKGLEWMGIIYPSDSDTRYRASFQGQVTISVDKSFNTAYLQWSSLQASDTAIYFCARHPASFIGSPHYFDYWGQGTLVTVSS","ETVMTQSPATLSVSPGERATLSCRASQSVSIEVAWYQQTLGQAPRLLIHDASTRATGIPARFSGSGSGTDFTLTISSLQSEDFAVYYCQQYHDWPRTFGQGTKLEIK","IGK"
"BCP003_Total","BCP3_Total_ACATACGAGGAATCGC","EVQLVESGGGLVKPGGSLRLSCAASGFTFTNAWMTWVRQAPGKGLEWIGRIKTKIDGGTTDYAAPVKGRFIISRDDSKDTLYLQMNSLQTEDTAVYYCTTDGWELLVARGGCRYWGQGTLVTVSS","DIVMTQSPDSLAVSLGERATINCKSSQSVLYSSNNKNYLGWYQQKPGQPPKLLIYWASIRESGVPDRFSGSGSGTDFTLTISSLQAEDVAVYYCQQYYSTPFTFGPGTKVDIK","IGK"
"BCP003_Total","BCP3_Total_ACGAGCCAGGAACTGC","QLVESGGGLIQPGRSLRLSCTASGFTFGDYDMSWFRQAPGKGLEWVGFIRSKAYGGKIAYAASVKGRFTISRDDSKSMAYLQMNSLKNEDTAVYYCTRVWGWNPAHHLGHDAFDIWGQGTMVTVSS","QSVLTQPPSVSEAPRQRVTISCSGSSSNIGNKAVNWYQQLPGKAPKLLIFYDDLLPSGVSDRFSGSKSGTSASLAISGLQSEDEADYYCAAWDDSLNAWVFGGGTKLTVL","IGL"
"BCP003_Total","BCP3_Total_ACGATACTCACCAGGC","QVQLVQSGAEVKKPGSSVKVSCKASGGTFSTYAFSWARQAPGQGLEWMGRIIPFFNIANYAQRFQGRVTITADKSTNTAYMELSSLRSEDTAMYYCARGNVDTSIPFDFWGQGTLVTVSS","DIQMTQSPSTLSASVGDRVTITCRASQSISSWLAWYQQKPGKAPKLLIYKASSLESGVPSRFSGSGSGTEFTLTITSLQPDDFATYYCQQYNNYPTWTFGQGTKVEIK","IGK"
"BCP003_Total","BCP3_Total_ACGCAGCCAGACAAGC","EVQLVQSGAEVKKPGESLRISCKGSRYSFTSYWINWVRQMPGKGLEWMGRIDPSDSYTHYSPSFQGHVTISADKSINTAYLQWSSLKASDTAMYYCARRLSGGSSGWFSVPFDYWGQGALVTVSS","QSVLTQPPSASGTPGQRVTISCSGSSSNIGSNTVNWYQQLPATAPKLLIYSSNQRPSGVPDRVSGSKSGTSASLAISGLQSEDEADYYCSAWDDSLNGWVFGGGTKLTVL","IGL"
"BCP003_Total","BCP3_Total_ACTATCTGTATATGAG","QLQLQESGPGLVKPSETLSLTCTVSGGSISSSSYYWGWIRQPPGKGLEWIGSIYYSGSTYYNPSLKSRVTISVDTSKNQFSLKLSSVTAADTAVYYCARDRSIAAAGHDYWGQGTLVTVSS","QSVLTQPPSASGTPGQRVTISCSGSSSNIGSNYVYWYQQLPGTAPKLLIYSNNQRPSGVPDRFSGSKSGTSASLAISGLRSEDEADYYCAAWDDSLSGSWVFGGGTKLTVL","IGL"
"BCP003_Total","BCP3_Total_AGAATAGCAAACAACA","EVQLLESGGGLVQPGGSLRLSCAASGFTFSNYAMNWVRQAPGKGLEWVSAISGSGGSTYYADSVKGRFTISRDNSKHTLFLQLNSLRAEDAAAYYCAKDLLRATSHTYYYGMDVWGQGTTVTVSS","QSALIQPPSVSGSPGQSVTTSCTGSSSDFGSYDYVSWYQQHPGTVPKPMIYNVNPRPSGVPDRFSGSKSGNTASMTISGLPAEDEAENSCCSYTTSATVVFGGGTKLTVL","IGL"
"BCP003_Total","BCP3_Total_AGAATAGGTCCCTTGT","EVQLLESGGGTVQPGGSLRLSCAASGFTFDTSAISWVRQAPGKGLEWISAINSRGTTYYAGSVKGRFTISRDNSKSTVDLQVNSLTAEDTGFYYCAKEGGHSGVYWVDSWGQGTLVTVSS","SNELTQALSMSVALGQTATITCGTDNIGSKEVHWYQQRAGQAPVLVIYRDSSRPSGIPDRFAGSNSGNTATLTITRVEAGDEADYYCQLWDRRWMFGGGTKLTVL","IGL"
"BCP003_Total","BCP3_Total_AGATCTGTCGAACTGT","QVTLRESGPALMKPTQTLTLTCTFSGFSLSTSGMCVTWIRQPPGKALEWLGLIDWDDDKYYSTSLKTRLTISKDTSKNQVVLTMTNMDPVDTATYFCARMRILGATQWAWSSAAMDYWGQGTLVTVSS","QSALTQPASVSGSPGQSITISCTGTSSDVGGYNYVSWYQQHPGKVPKVLIFDVTNRPSGVSNRFSGSKSGNTASLTISGLQAEDEGDYYCYSYTGSRTWVFGGGTKVTVL","IGL"
"BCP003_Total","BCP3_Total_AGCAGCCCAACGATGG","QVQLVESGGGVVQPGRSLRLSCAVSGFTLRSYAMYWVRQAPGKGPEWVAVMLFSGNNKFYADSVKGRFSLTRDNFKNTLYLQMNNLRLEDTALYYCARDRPFTVTTDGYYHYGMDVWGQGTTVTVSS","SYELTQPPSVSVPPGRTASITCSADNLGNEYVCWYQQKPGQSPLLLIYEDTRRPSGIPERFSGSKSGNTATLTISGTQAFDEADYYCQAWDSMSDVVFGGGTKLTVL","IGL"
"BCP003_Total","BCP3_Total_AGCATACTCAATCACG","EVHLLESGGGLVQPGGSLRLSCAASGFTYGSSVMSWVRRAPGKGLEWVSGINPSGLGTYYADSVKGRFTISRDNSKNTLYLQMNSLRAEDTAVYYCAKIRPTGGNGFDIWGQGTMVTVSS","NFMLTQPHSVSESPGKTVTISCTRSSGYIASNYVQWYQQRPGSAPTTVIFEDNQRPSGVPDRFSGSIDSSSNSASLSISGLRAEDEADYYCHSYDNTIFGVFGGGTKVTVL","IGL"
"BCP003_Total","BCP3_Total_AGCGGTCTCACTCTTA","EVQLVQSGAEVKKPGESLKISCKGSGYSFTTYWVGWVRQMPGKGLEWMGIIYPGDSDTRYSPSFQGQVTISADKSIRTAYLQWSSLKASDTAMYYCARLGGTHGPVGATLDYWGQGTLVTVSS","QSALTQPASVSGSPGQSITISCTGTSSDVGSYNLVSWFQQHPGKAPKLMIYEGSKRPSGVSNRFSGSKSGNTASLTISGLQAEDEADYYCCSYAGSSTLVFGGGTKLTVL","IGL"
"BCP003_Total","BCP3_Total_AGGCCACGTGATGATA","EVQLLESGGGLVQPGGSLRLSCAASGFTFSSYAMSWVRQAPGKGLEWVSAISGSGGSTYYADSVKGRFTISRDNSKNTLYLQMNSLRADDTAVYYCAKGSGIDYWGQGTLVTVSS","QSVLTQPPSVSAAPGQKVTISCSGSSSNIGNNYVSWYQQLPGTAPKLLIYDNNKRPSGIPDRFSGSKSGTSATLGITGLQTGDEADYYCGTWDSSLSAVVFGGGTKLTVL","IGL"
"BCP003_Total","BCP3_Total_AGGCCGTGTGTTAAGA","QVQLQQSGPGLVKPSQTLSFTCAISGDSVSSNSAAWNWIRQSPSRGLEWLGRTYYRSKWYNDYAVSVKSRITINPDTSKNQFSLQLNSVTPEDSAVYYCVTGFGELSQYYFDYWGQGTLVTVSS","QSALTQPASVSGSPGQSITISCTGASSDVGSYNLVSWYQQHPGKAPKLMIYAGSKRPSGISNRFSGSKSGDTASLTISGLQAEDEADYYCCSYAGSSTLVVFGGGTKLTVL","IGL"
"BCP003_Total","BCP3_Total_AGGTCATTCTTCCTTC","QVQLVQSGAEVKKPGSSVRVACKASGGSFSSDSINWVRQAPGQGLEWMGGIIPVVGRTDYAQMLQGRVTITADTSTSTAYMQLSSLRSGDTAVYYCARVRQYTYGGAFWAWGQGTLVTVSS","DIVMTQSPDSLAVSLGERATINCKASQSVFYISNNKNYLSWYQQKPGQPPKLLIYWASTRESGVPDRFSGSGSGTDFTLTISSLQAEDVAVYHCQQNYRSPTFGGGTKVEI","IGK"
"BCP003_Total","BCP3_Total_AGGTCCGTCATCTGTT","QITLKESGPTLVKPTQTLTLTCTFSGFSLSTTVVGVGWIRQPPGKALEWLALIYWDDDKRYSPSLKSRLTITKDTSENQVVFTMTNMDPVDTATYYCAHRSSGGPSGFDYWGQGTLVTVSS","NFMLTQPHSVSESPGKTVTISCTGSSGSIADNYVHWYQQRPGSAPTTVIYEDNQRPSGVPDRFSGSIDSCSNSASLTISGLKTEDEADYYCQSYDSRIYWVFGGGTKLTVL","IGL"
"BCP003_Total","BCP3_Total_AGTGAGGCACCCTATC","QMQLNESGPGLVKPSETLSLTCTVSGGSVSSSRYYWGWVRQPPGKGLEWIGSIPYSGTTHYNPSLKSRVTMSIETSENHFSLELTSVTAADTAVYFCARVEYGGIAVVIVAAKTPSWYFDLWGRGTLVTVSS","QSVLTQPPSVSAAPGQKVTISCSGSNSNIGKNYVSWYQQLPGTAPKLLIHDNTKRPSGIPDRFSGSKSGTSATLGITGLQPGDEADYYCGTWDNSLRTVVFGGGTKLTVL","IGL"
"BCP003_Total","BCP3_Total_AGTGAGGGTACAGTTC","QVRLVQSGGGVVHPGRSLRLSCAASGFNFRRTAMHWVRQAPGKGLEWVAVISYDGRTDYYGDSVRGRLTVSRDNSRDTTVLQMKNLRYDDTAVYYCVRDVGYQLDFWGQGTQVTVSS","AIQLTQSPPYLSASPGDRVTITCRASQDVNRYLAWYQQKSGQVPKLLIYGASKLQSGVPSRFSGSGSGTDFTLTISGLQSEDFASYYCEQVNEYPHSFGGGTKVDIK","IGK"
"BCP003_Total","BCP3_Total_AGTGTCACATGGTAGG","QVTLKESGPVLVKPTETLTLTCTVSGFSLSNARMGVSWIRQPPGKALEWLAHIFSNDEKSYNTSLKSRLTISKDTSKSQVVLTMTNMDPVDTATYYCARSRRDDYNFGKPEFDYWGQGTLVTVSS","SYELSQPPSVSVSPGQTASITCSGDKLGDKYACWYQQKPGQSPVLVIYQDNKRPSGIPERFSGSNSGNTATLTISGTQTMDEADYYCQAWDSSTAWDVVFGGGTKLTVL","IGL"
"BCP003_Total","BCP3_Total_AGTGTCATCTCGTTTA","QVQLQESGPGLVKPSETLSLTCTVSGGSITTYSWSWIRQPPGKGLEWIGYIYYSGSTNYNPSLKSRVTISVDTSKNQFSLKLSSVTAADTAVYYCARLLRVDGMDVWGQGTTVTVSS","DVVMTQSPLSLPVTLGQPASISCRSSQSLVHSDGNTYLNWFQQRPGQSPRRLIYKVSNRDSGVPDRFSGSGSGTDFTLKISRVEAEDVGVYYCMQGTHSWTFGQGTKVEIK","IGK"
"BCP003_Total","BCP3_Total_AGTTGGTGTTAAAGAC","QVQLQQWGAGLLKPSETLSLTCADYGGSFSGYYWSWIRQPPGKGLEWIGEINHSGSTNYNPSLKSRVTISVDTSKKQFSLNLSSVTAADTAVYYCARGDEQLIPSYFDYWGQGTLVTVSS","SYELTQTPSVSVSPGQTASITCSGDALPKQYAYWYQQKTGQAPVVVIYKDSERPSGIPERFSGSSSGTTVTLTISGVQAEDEADYYCQSADSSGTYKVFGGGTKLTVL","IGL"
"BCP003_Total","BCP3_Total_AGTTGGTTCTCGAGTA","EVQLVQSGAEVKKPGESLKISCKGSGYSFTTYWIGWVRQMPGKGLEWMGFIYPGDSDTGYSPSFQGQVTISADKSISTAYLQWSSLKASDTAMYYCASPLGYSSGWGVIGHWGQGTLVTVSS","QSVLTQPPSASGTPGQRVTISCSGSSSNIGSNYVYWYQQLPGTAPKLLIYSNNQRPSGVPDRFSGSKSGTSASLAISGLRSEDEADYYCAAWDDSLSGAVFGGGTKLTVL","IGL"
"BCP003_Total","BCP3_Total_ATAAGAGCAAGGACTG","QLQLQESGSGLVKPSQTLSLTCVVSGGSISSGGSSWSWIRQPPGKGLEWIGYIYHGGSTYYNPSLKSRVTISTDRSKNQFSLNLNSVTAADTAVYYCARGPDQLLDYWGQGTLVTVSS","DIVMTQTPLSLSVTPGQSASISCKSSQSLLHSDGKTYLYWYLQKPGQSPRLLIYEVSSRFSGVPDRFSGSGSGTDFTLRISRVEAEDVGVYYCMQAIHLPLTFGGGTKVEI","IGK"
"BCP003_Total","BCP3_Total_ATAAGAGTCCCACTTG","EVQLVQSGAEVKKPGESLRISCKGSGYNFNTFWINWVRQMPGKGLEWMGRIDPSDSHTNYSPSFQGHVTISLDKSINTAYLQWSSLRASDTAIYYCARHNSDWYSWGQGTLVTVSS","QLVVTQTPSASASLGASVKLTCTLSSGHSTYAVAWHQQQPEKGPRYLMKINSDGSHNKGDGIPDRFSGSSSGAERYLTISSLQSEDEADYYCQTYTGVFGGGTKLTVL","IGL"
"BCP003_Total","BCP3_Total_ATCTACTGTTATCGGT","QVQLQESGPGLVQPSQTLSLTCAVSRDSISGGGYSWSWIRQPPGKGLEWIGTIYYSGNTYYNPSLTGRIAMSVDTSMNHFSLKLTSLTAADTAMYYCARTTVTTYGEGSTWYTNWFDPWGQGTLVTVSS","DFVMTQSPDSLAVSLGERATINCKSSQSLLYSSNNKNYLAWYQQKPGQPPKLLIYWASTRESGVPDRFSGSGSGTDFTLTISSLQAEDVAVYYCQQYYITPLTFGPGTKVDIK","IGK"
"BCP003_Total","BCP3_Total_ATGAGGGCATGTCGAT","QVTLRESGPALVKPTQTLTLTCTFSGFSLSTNGMSVSWIRQPPGKALEWLARIDWDDDKYYSTSLKTRLTISKDTSKNQVVLTMTNMDPVDTAMYYCARNMVFRGTPLDSWGQGTLVTVSP","DIQMTQSPSTLSASVGDRVTITCRASQSISNWLAWYQQKPGKAPKLLIYKASTLESGVASRFSGSGAGTEFTLTISSLQPDDFATYYCQQYDSYPRTFGQGTKVDIK","IGK"
"BCP003_Total","BCP3_Total_ATGGGAGGTGTGACCC","QLQLQESGPGLVKASETLSLTCTVSGGSISSSSYYWGWIRQPPGKGLEWIGSIYYSGSTYYNPSLKSRVTISLDTSKNRFSLKVTSLTAADTAVYFCARVAYSGHDPAFPFHYWGQGILVSVSS","SYVLTQPPSVSVAPGKTARITCGGNNIGSKSVHWYQQKPGQAPVLVICNDSDRPSGIPERFSGSNFGNTATLTISGVEAGDEADYYCQVWDTGSDHLNWVLGGGTKLTVL","IGL"
"BCP003_Total","BCP3_Total_ATTATCCCATACTACG","QMQLVQSGPEVKKPGTSVKVSCKASGFTFTRSCIQWVRQARGQRLEWIGWIVVGSGNTNYAQKFQERVTITRDMSTSTAYMELSSLRSEDTAVYYCAAGHREAAAVTGLYDAFDIWGQGTMVTVSS","DIVMTQSPLSLPVTPGEPASISCRSSQSLLHSNGYNYLDWYLQKPGQPPQLLIYLGSNGASGVPDRFSVSGSGTDFTLKISRVEAEDVGVYYCMQALQTPLTFGGGTKVEIK","IGK"
"BCP003_Total","BCP3_Total_ATTATCCTCCGTAGGC","QVQLVESGGGVVQPGRSLRLSCAVSGFSFSSYGMHWVRQAPGKGLEWVAVISFDGSDEYFADSVKGRFTISRDNSKNTVYLQMNSLRAEDTAVYYCGRATKWLIDYWGQGTLVTVSS","DIQMTQSPSSLSASVGDRVTITCQASQDIRSFLNWYQQKPGKAPKLLIYDASTLETGVSSSFSGSGSGTDFTFTISSLQPEDIATYYCQQYDSLPITFGQGTRLEIK","IGK"
"BCP003_Total","BCP3_Total_ATTGGTGCAAACGTGG","QVQLQESGPGLVKPSETLSLTCTVSGDSFSRFYWSWIRQPPGKGLEWIGCVYYTGDTDYNPSLKSRAILSVDTSKSQVSLNLTSVTAADTAVYYCASLRYGSGSHYKAYWGQGTLVTVSS","DIVMTQSPDSLAVSLGERAAINCKSSQTILYNSNNKNYLAWYQQKPGQPPKLLIYWASTRESGVPDRFGGSGSATDFTLTISNLQAEDVAVYYCQQYYLTPITFGQGTRLEIK","IGK"
"BCP003_Total","BCP3_Total_CAACCTCCAGCGTCCA","QVQLVQSGAEVKKPGASVKVSCKASGYTFTIYYIHWVRQAPGQGLEWMGISSPSGGTTTYAQKFQGRVAMTRDTSTSTVYMEMSSLRSEDTAVYYCARGPYSSSDDWFDPWGQGTLVTVSS","EIVMTQSPATLSVSPGERATLSCRASQSVSSNLAWYQQKPGQAPRLLIYGASTRATGFPARFSGSGSGTEFTLTISSLQSEDFAVYYCQQYNNWPRTFGQGTKVEIK","IGK"
"BCP003_Total","BCP3_Total_CAACCTCTCCCGACTT","EEQLVESGGGLVQPGGSLRLSCVASGYTFRSNDMHWVRQAAGESLEWVSAIDTAGDTYYLDSVKGRFTVSRDNAKNSLFLQMSSLRAGDTAVYYCVRGRNADAMLITDYGLDVWGQGTTVTVSS","DIQMTQSPSTLSASVGDRVTITCRASQTINNWLAWYQQRPGKAPNLLIYKASLLGHGVPSRFSGSGSGTEFTLTINSLQPDDCATYYCQQYNSYPYTFGQGTKLEIK","IGK"
"BCP003_Total","BCP3_Total_CAAGTTGAGGACCACA","QVQLQQSGLGLVKPSQTLSLTCSISGDSVSSNSAGWNWIRQSPSRGLEWLGRAYFRSEWYYDYAVSVISRININPDTSKNQVSLQLNSVAPEDAAVYFCARDYSDSRSYYPGFDYWGQGILVTVSS","EIVMTQSPATLSVSPGEGATLSCRASQTVYSNLVWYQQKPGQAPRLLVYDASTRAAGVPGRFSGSGSGTEFTLTISSLQSEDSAVYYCQQYNNWPRTFGQGTKLEIK","IGK"
"BCP003_Total","BCP3_Total_CAGCAGCTCATAAAGG","EVQLLESGGGLVQPGGSLRLSCTASGFTFSSYTMTWVRQAPGKGLEWVSSITDSGSITYYADSVKGRFTISRDNSKNTLYLQMNSLRAEDTAVYYCAHLGLGSWGQGTQVTVSS","DVVMTQSPLSLPVTLGQPASISCRSSQSLVHSDGNTYLNWFQQRPGQSPRRLIYKVSNRDSGVPDRFSGSGSGTDFTLKISRVEAEDVGVYYCMQGTHWPPYTFGQGTKLEIK","IGK"
"BCP003_Total","BCP3_Total_CAGGTGCCAACGCACC","QVQLVQSGAEVKKPGASVKVSCKTSGYIFTRYSMHWVRQAPGQGLEWLGWINPNNGDTNYAQKFQGRVTMTRDTSISTAYMELRRLKFDDTAKYYCVRSGFSWGQGTLVTVSS","DIVMTQTPLSLSVTPGQPASLFCKSSQSLLQSDGKTYLYWYLQKSGQSPQLLIYEVSSRFSGVPDRFSGSGSGTDFTLEISRVEAEDAGVYYCMQGMHLPPWTFGQGTKVEIK","IGK"
"BCP003_Total","BCP3_Total_CAGGTGCCATACCATG","EVQLVESGGGSVQRGGSLRLSCAVSGFTLSSYWMHWVRQAPGKGLVWVSRINSDGSSTDYAGSVKGRFTISRDNAKNTLYLQMNSLRAEDTAVYYCTRGGHYNDILTGSVSRDWFDPWGQGTLVTVSS","EIVLTQSPATLSLSPGERATLSCRASQSVSSSLAWYQQKPGQAPRLLIYDASNRATGIPARFSGSGSGTDFTLTISSLEPEDFAVYYCQQRSNWYTFGQGTKLEIK","IGK"
"BCP003_Total","BCP3_Total_CATCAGACATGAACCT","QVQLVQSGAEVKKPGASVKVSCKASGNTFTSYTMHWVRQAPGQRLEWMGWINAGNGNTKYSQKFQGRVTITRDTSASTAYMDLSSLRSEDTAVYYCARDQVGTRWYEDYYFDSWGQGTLVTVSS","EIVLTQSPATLSLSPGERAALSCRASQSVSSYLAWYQQKPGQAPRLLIYDASNRATGIPARFSGSGSGTDFTLTISSLEPEDFAVYYCQQRTIWPPGITFGPGTKVDIK","IGK"
"BCP003_Total","BCP3_Total_CATCAGATCACCATAG","EVQLVESGGGLVQPGGSLRLSCAASGFTFSRYSMNWVRQAPGKGLEWVSYISSSSSTIYYADSVKGRFTISRDNAKNSLYLQMNSLRAEDTAVYFCASSGDILTGYYFDYWGQGTLVTVSS","EIVLTQSPGTLSLSPGERATLSCRASQSVSSSYLAWYQQKPGQAPRLLIYGASSRATGIPDRFSGSGSGTDFTLTISRLEPEDFAVYYCQQYGSSPWTFGQGTKVEIK","IGK"
"BCP003_Total","BCP3_Total_CATCGGGGTACTCGCG","QVQLVQSGAEVKKPGASVKVSCKASGYTFTSYGISWVRQAPGQGLEWMGWISAYNGNTNYAQKLQGRVTMTTDTSTSTAYMELRSLRSDDTAVYYCAREGLVTMLESFFDYWGQGTLVTVSS","DIVMTQSPDSLAVSLGERATINCKSSQSVLYSSNNKNYLAWYQQKAGQPPKLLFYWASTRESGVPDRFSGSGSGTDFTLTISSLQAEDVAVYSCQQYYSIPRTFGQGTKVEIK","IGK"
"BCP003_Total","BCP3_Total_CATTATCCACCCATGG","QVQLVESGGGVVQPGGSLRLSCAASGFTFSSYGIHWVRQAPGKGLEWVAFIRYDGSDKYNADSVKGRFTISRDNSKNTLYLQMNSLRADDTAVYYCAKFGYGGNSSWGQGTLVTVSS","DIVMTQTPLSSPVTLGQPASISCRSSQSLVHSDGNTYLSWLQQRPGQPPRLLIYKISNRFSGVPDRFSGSGAGTDFTLKISRVEAEDVGVYYCTQATQFPWTFGQGTKVEIK","IGK"
"BCP003_Total","BCP3_Total_CATTCGCCATGCTGGC","QVQLVQSGAEVKKPGASVKVSCKASGYAFSNYDMYWVRQAPGQGLEWVGLISSSGETTNYAQKIQGRFTMTRDTSTSTLYMDLSGLTSEDTAFYYCATNTVRPATGFDLWGQGTLVTVSS","QAVVTQEPSLTVSPGGTVTLTCGSSTGAVTTGHYPYWFQQKPGQVPTTLIYDTSNKHSWTPARFSGSLLGGKAALTLSGAQPEDEADYYCLLFYSGARVFGGGTKLTVL","IGL"
"BCP003_Total","BCP3_Total_CCAATCCTCATAGCAC","EEQLVQSGAEAKKPGESLRISCRGSGFSFSRHWIAWVRQMPGKGLEWMGIIYPGDSDTRYSPTFRGQVVISVDRSTSTAYLRWSNLRASDTAIFYCARQQRNAAGTDYPDSGLDIWGQGTKVTVSS","SYDLTQPPSVSVSPGQTARITCSGDAVGKKPTYWYQQRSGRAPALVIYEDKKRPSGIPDRLSGSRSGTMATLTISGAQVEDEADYFCYSADRSGYFGVFGGGTTLTVL","IGL"
"BCP003_Total","BCP3_Total_CCACCTAAGCAGATCG","QVRLVQSGGGVVHPGRSLRLSCAASGFNFKRTAMHWVRQAPGKGLEWVAVISYDGRTDYYGDSVRGRLTVSRDNSRDTTFLQMKNLRHDDTAVYYCVRDVGYQLDFWGQGTQVTVSS","AIQLTQSPPYLSASPGDRVTITCRASQDVNRYLAWYQQKPGQVPKLLIYGASKLQSGVPSRFSGSGSGTDFTLTISGLQSEDFATYYCEQVNEYPHSFGGGTKVDIK","IGK"
"BCP003_Total","BCP3_Total_CCACGGAAGATGCCTT","QLQLQGSGPGLVKPSETLSLTCTVSGDSISTSYYWTWIRQPPGKGLEWIGSIYYSGSTYYKSSLKSRVTISVDTSKNQLSLNLSSVTAADTAVYYCARGPSLGEENDYWGQGTLVTVSS","DVVMTQSPLSLPVTLGQPASISCRSSQSLVHSDGNTYLNWFQQRPGQSPRRLIYKVSNRDSGVPDRFSGSGSGTDFTLKISRVEAEDVGVYYCMQGTHWPGYTFGQGTKLDIK","IGK"
"BCP003_Total","BCP3_Total_CCATGTCCACGTGAGA","QVQLVQSGAEVKKPGASVKVSCKASGYSFIGYYMHWVRQAPGQGLEWMGWINPNSGGTDYAQKFQGRVTVTRDTSISTAYLELSRLRSDDTAVYYCARDAPAELHRRSDYFDFWGQGTLITVSS","DIQMTQSPSSLSASVGDRVTITCRASQSISSYLNWYQQKPGKAPKLLIYAASSLQSGVPSRFSGSGSGTDFTLTISSLQPEDVATYYCQQSYSSPFTFGPGTKVNIK","IGK"
"BCP003_Total","BCP3_Total_CCCAATCGTGACCAAG","VHLVESGGGVVQPGRSLRLSCAASGFTFSDCGMHWVRQAPGKGLEWVAIISYDGSNRNYADSMKGRFAISRDNSKNTLYLQLNSLRAEDTAVYYCATRPQHNTTHWGQGTLVTVSS","SYELTQPPSVSVSPGQTARITCSGDALPKEYAYWFQQKSGRAPVLVMYKDTERPSGIPERFSGSSSGTTVTLTISGVQAEDEADYYCQSADSSASYWVFGGGTKLTVL","IGL"
"BCP003_Total","BCP3_Total_CCCAGTTCAACTGGCC","QVLLVQSGAEVKKPGASVKVSCKASGYTFTAYYMHWVRQAPGQGLEWMGWINPNSGGTNNAQKFQGRVTMTRDTSISTAYMELSRLRSVDTAVYYCARKGVEGTVVLPAPTYYFDYWGQGTLVTVSS","DIVMTQSPDSLAVSLGERATINCKSSQSVLYSSNNKNYLAWYQQKPGQPPKLLIYWASTRESGVPDRFSGSGSGTDFTLTISSLQAEDVAVYYCQQYYSTPLTFGGGTKVEIK","IGK"
"BCP003_Total","BCP3_Total_CCGTACTTCCAAAGTC","QVQLVQSGAERRNPGASVKVSCKTSGYSFSNYGISWVRQAPGQGLEWMGWISDYNGNTHYAQNFQGRVTMTTDTSTATAYMELRSLISDDTAVYFCAREGLGYCNGGNCVHFDHWGQGTLVTVSS","EIVLTQSPGTLSLSPGERATLSCRASQSFSSSYLAWYQQKPGQAPRLLIYGASSRATGIPDRFSGSGSGTDFTLTISRLEPEDFAVYYCQQYSSSITFGQGTRLEIK","IGK"
"BCP003_Total","BCP3_Total_CCGTACTTCCGAATGT","EVQLVESGGGLVQPGRSLRLTCAASGFTFHDYGMSWVRQAPGKGLEWVSSISWNSANMVYADSVKGRFTISRDNAKNSLSLLMYSLRPEDTALYYCAKDISSGEDGTLFFHHWGQGTLVTVSS","DIVMTQSPDSLAVSLGERATINCKSSQSVLSNSNNKSYLAWYQQKPGQPPKLLIYWASTRESGVPDRFSGSGSGTDFTLTISSLQAADVAVYYCQQSYSTPQTFGQGTKVEIK","IGK"
"BCP003_Total","BCP3_Total_CCGTGGACAGCTGTAT","EVQLLESGGGLVQPGGSLRLSCAASGFTFSSYAMSWVRQAPGKGLEWVSAISGSGGSTYYADSVKGRFTISRDNSKNTLYLQMNSLRAEDTAVYYCAKYCTSTSCYAEGAYWGQGTLVTVSS","DIQMTQSPSSLSASAGDRVTITCRASQGISNYLAWYQQKPGKVPKLLIYAASTLQSGVPSRFSGSGSGTDFALTISSLQPEDVATYYCQKYNSAPYTFGQGTKLEIK","IGK"
"BCP003_Total","BCP3_Total_CCGTTCAGTGGGTCAA","QLQLQESGPGLVKPSETLSLTCTVSGDSISTSYYWTWIRLPPGKGLEWIGSIYYSGSTYYNPSLKSRLTISVDTSRNQFSLNLSSVTAADTAVYYCARGPSLGEENDYWGQGSLVTVSS","DVVMTQSPLSLPVTLGQPASISCRSSQSLVHSDGNTYLNWFQQRPGQSPRRLIYKVSNRDSGVPDRFSGSGSGTDFTLKISRVEAEDVGVYYCMQGTHWPGYTFGQGTKLKIK","IGK"
"BCP003_Total","BCP3_Total_CCTCAGTGTCAGAAGC","QVQLVESGGGVVQPGRSLRLSCAASGFTFSSYGMHWVRQAPGKGLEWVAFIRYDGSNKYYADSVKGRFTISRDNSKNTLYLQMNSLRAEDTAVYYCAKDRGGYYYDSSGYYGYFDYWGQGTLVTVSS","EIVMTQSPATLSVSPGERATLSCRASQSVSSNLAWYQQKPGQAPRLLIYGASTRATGIPARFSGSGSGTEFTLTISSLQSEDFAVYYCQQYNNWPPCTFGQGTKLEIK","IGK"
"BCP003_Total","BCP3_Total_CCTTCGATCCGCGTTT","QLQLLESGPGLLKPSETLSLTCTVSGVSITSSPDYWGWIRQPPGKGLEWIGSLSYSGSTYYNPSLKSRVTVSLDTSKNKVSLRLNSVTAADTAVYYCARRFPGSRGSDNAFDIWGQGTKVTVSS","QSVLTQPPSVSAAPGQNVTISCSGSSSDIGNYFASWYQQLPGTAPKLLIYDNNKRPSGIPDRFSGSKSGTSATLGITGLQTGDEADYYCGTWDSSLLTGVFGGGTKLTVL","IGL"
"BCP003_Total","BCP3_Total_CCTTTCTCACATTCGA","QVQLQESGPGLVKPSETLSLTCTVSGYSISSGYYWGWIRQPPGKGLEWIGSIYHSGSTNYNPSLKSRVTISVDTSKNQISLKLSSVTAADTAVYYCARDLRTVTYEVPSFDYWGQGTLVTVSS","DIQMTQSPSSLSASVGDRVTITCRASQSISSYLNWYQQKPGKAPKLLIYAVSSLQSGVPSRFSGSGSGTDFTLTISSLQPEDFATYYCQQSYSSPWTFGQGTKVEIK","IGK"
"BCP003_Total","BCP3_Total_CCTTTCTGTTGAACTC","QVQLVESGGGLVKPGGSLRLSCAASGFTFSDYFMSWIRQAPGKGLQWVSYISGSSSFTNYADSVKGRFTISRDNAKNSLYLQMDSLRAEDTAVYYCASLRKRYSVYDDPGDYWGQGTLVTVSS","QPVLTQPPSSSASPGESARLTCTLPTDINVGNYNIYWYQQKPGSPPRYLLYYYSDSDKGQGSGVPSRFSGSKDASANTGILLISGLQSEDEADYYCMIWPSNVVVFGGGTKLTVL","IGL"
"BCP003_Total","BCP3_Total_CGAACATAGTAGATGT","QVQLVQSGAEVKKPGASVKVSCKASGYTFTSYDINWVRQATGRGLEWMAWMNPSSGSTACSQKFQGRVTMTRSASNSTAYMDLSSLQSEDTAVYYCARSKGPGAFDIWGQGTMVIVSS","DIQMTQSPSSLSASVGDRVTITCRASQTISNYLHWYQQKPGKAPNLLIYAASSLQSGVPSRFSGSGSGTDFTLTISNLQPEDFATYYCQQNYSTPRTFGQGTKVEIK","IGK"
"BCP003_Total","BCP3_Total_CGAATGTGTGGCCCTA","QVQLVESGGGVVQPGGTLRLSCAASGFTFRSYGMHWVRQAPGKGLEWVAFTRYDGRYKTYADSVKGRFTISRDNSKNTLYVQMNSLRAEDTAVYYCAKDRRDHLVSNDAFDIWGQGTMVTVSS","DIQMTQSPSTLSASVGDRVTITCRASQSISSWLAWYQQKPGKAPKLLIYKASSLQSGVPSRFNGSGSGTEFTLTISSLQPDDFATYYCQQYNSYSRTFGQGTKVEIK","IGK"
"BCP003_Total","BCP3_Total_CGAGCCAAGGTGTGGT","EVQLLESGGGLVQPGGSLRLSCAASGFTFDDYAMDWVRQAPGKGLEWVSVIRGSGESTYYADSVKGRFTISRDNSKNIVFLQMNSLRAEDTALYYCAKASDSPPARPLDYWGQGTLVTVSS","ENVLTQSPGTLSLSPGERATLFCRASQSVSSSYLAWYQQKPGQTPRLLIYATSHRATGSPARFSGSGSGTDFTLTISRLEPEDFAVYYCQQYGSSPFTFGQGTRLEI","IGK"
"BCP003_Total","BCP3_Total_CGATGGCGTATATGAG","QVQLAQSGAEVKKPGASVKVSCKASGYTFTGYYIHWVRQAPGQGLEWVGWINPDSGGTNYAQKFQGWVTMTRDASISTVYMQLSSLKPDDTAVYYCARDRTEYSASWHYDYWGRGTLVTVSS","QSALTQPASVSGSPGQSITISCTGTSSDIGTYNHVSWYQQHPGKAPKLILYDVSDRPSGVSNRFSGSKSGNTASLTISGLQADDEAAYYCSSCTSSLTRWVFGGGTELTVL","IGL"
"BCP003_Total","BCP3_Total_CGCCAAGTCACGACTA","EVQLVESGGGLVQPGGSLRLSCAASGFTFSNYDMHWVRQGAGKGLEWVSAIATAGDTYYPGSVKGRFTISRENAKNSLYLQMNSLRAGDTAVYYCARGSGGLTTVTTLLDYWGQGTLVTVSS","SYELTQPPSVSVSPGQTASITCSGDKLGDKYACWYQQKPGQSPVLVIYQDSKRPSGIPERFSGSNSGNTATLTISGTQAMDEADYYCQAWDSSTYVVFGGGTKLTVL","IGL"
"BCP003_Total","BCP3_Total_CGCTTCAGTTTGTGTG","QVTLRESGPALVKPTQTLTLTCTFSGFSLSTNGMSVSWIRQPPGKALEWLARIDWDDDKYYSTSLKTRLTISKDTSKNQVVLTLTNMDPVDTAMYYCARNAVFRGTPLDSWGQGTLVTVSP","DIQMTQSPSTLSASVGDRVTITCRASQSISNWLAWYQQKPGKAPKLLIYKAFSLESGVPSRFSGSGAGTEFTLTISSLQPDDFATYYCQQYDSYPRTFGQGTKVEIK","IGK"
"BCP003_Total","BCP3_Total_CGGACACTCTTTCCTC","QVQLVQSGAEVRKPGASVKVSCKTSGYTFTGYYIHWVRQAPGQGLEWMGWIYPNNGGTNYAQKFQGRVTMTRDTSISTLYLELSRLRFDDTAVYYCARRDSGGYYHFDYWGQGTLVTVSS","QSALTQPASVSGSPGQSITISCTGTSSDVGSYNLVSWYQHHPGKAPKLMIYEGSKRPSGVSNRFSGSKSGNTASLTISGLQAEDEADYYCSSYAGSSTLIFGGGTKLTVL","IGL"
"BCP003_Total","BCP3_Total_CGGACGTCAGTAAGAT","QLQLQESGPGLVKPSETLSLTCTVSGGSISSSSYYWDWIRQPPGKGLEWIGSIYYSGSTYYNPSLKSRVTISVDTSKNQFSLKLSSVTAADTAVYYCARHRYRDGYNSIYFSTRYFDLWGRGTLVTVSS","QSVLTQPPSVSAAPGQKVTISCSESSSNIGNNYVSWYQQLPGTAPKLLIYDNIKRPSGIPDRFSGSKSGTSATLGITGLQTGDEADYYCGTWDSSLSTWVFGGGTKLTVL","IGL"
"BCP003_Total","BCP3_Total_CGGACTGAGCGCCTCA","QVQLQESGPGLVKPSETLSLTCSVSGAAFDSYYWSWVRQPPGKGLEWIGYIHYTGNTNYSPSLKSRVTMSIDTSKNQFSLKLSSVTAADTAVYYCARDHPNNHYYGLDVWGQGTTVTVSS","EIVMTQSPLSLPVTPGEPASISCRSSQSLLHVNGYNYLDWYLQKPGQSPQLLIYLGSNRASGVPDRFSGSGSGTDFTLKISRVEAEDVGVYYCMQALQTPITFGQGTRLDIK","IGK"
"BCP003_Total","BCP3_Total_CGGACTGCACATTCGA","QVLLQESGPGLVKPSETLSLTCTVSGGSISSYYWSWIRQPPGKGLEWIGYIYYSGSTNYNPSLKSRVTISVDTSKNQFSLKLSSVTAADTAVYYCARDLGYYYDMDVWGQGATVTVSS","DIQMTQSPSTLSASVGDRVTITCRASQSISSWLAWYQQKPGKAPKLLIYKASSLESGVPSRFSGSGSGTEFTLTISSLQPGDFATYYCQQYNSYPYTFGQGTKLEIK","IGK"
"BCP003_Total","BCP3_Total_CGGGTCAAGTTATCGC","EVQLVESGGGLVQPGRSLRLSCAASGFTFDDYAMHWVRQAPGKGLEWVSGISWNSGSIGYADSVKGRFTISRDNAKNSLHLQMNSLRAEDTALYYCAKETNYEVKSLDVFDIWGQGTMVTVSS","DIQMTQSPSSLSASVGDRVTITCRASQSISTYLNWYQQKPGKAPILLIYTANTLQNGVPSRFSGSGSGTEFTLTISSLQPEDFATYYCQQSYTFGPGTKVDIK","IGK"
"BCP003_Total","BCP3_Total_CGTCACTCAATAGAGT","QVQLQESGPGLVKPSETLSLTCTVSGGSISTYYWSWLRQPPGKGLEWIGYIYYSGSTNYNPSLKRRVSISVDTSKTQFSLKLSSVTAADTAVYYCARAPYGSGIIDYFDPWGQGTLVTVSP","EIVLTQSPATLSLSPGERATLSCRASQSVSSYLAWYQQKPGQAPRLLIYEASKRATGIPVRFSGSGSGTDFTLTISSLEPEDFAVYYCQQRSNWPLFGQGTNLEIK","IGK"
"BCP003_Total","BCP3_Total_CGTGTAAGTTCTGAAC","QITVRESGPTLVKPTQTLTLTCTLSGFSVRTTGVGVGWLRQTPVEALEWLALIHWDDDKKYSPSLKTRVTITKDTSTNQVFLRMTNMDPKDTGTYYCARKLQYNLRGSAFDLWGQGTLVSVSS","QSMLTQPPSVSGAPGQRVAISCTGTDSNIGAGSPVHWYQLFPGKAPKLLIYLNDKRPSGVPNRFSGSQSGTSASLVITGLQAEDEAAYYCQSYEGSLRGSYVFGSGTKVTVL","IGL"
"BCP003_Total","BCP3_Total_CGTTAGAAGAAACCAT","QVQLVESGGGVVQPGGSLTLSCAASGFTFSSYGMHWVRQAPGKGLEWVAFIRYDGSNKYYADSLKGRFTISRDNSKNTLYLQMNSLRAEDTAVYYCAKVGDTWGQGTLVTVSS","DIVMTQTPLSLSVTPGQPASISCKSSQSLLHSDGKTYLYWYLQKPGQSPQLLIYEVSSRFSGVPDRFSGSGSGTDFTLKISRVEAEDVGVYYCMQGIHLPPLTFGGGTKVEIK","IGK"
"BCP003_Total","BCP3_Total_CTAATGGGTGATGTGG","QVQLVQSGAEVKKPGASVKVSCKASGYTFTSYGINWVRQAPGQGLEWMGWISAYNGNTNFAQKLQGRVTLTTDTSTSTAYMELRSLRSDDTAVYYCARAAAGHGFDIWGQGTMVTVSS","DIVMTQSPDFLAVSLGERATINCKSSQSVLYSSNNKNYLAWYQQKPGQPPKLLTYWASARESGVPDRFSGSGSGTDFTLIISSLQAEDVAVYYCQQYYSTPWTFGQGTKVEIK","IGK"
"BCP003_Total","BCP3_Total_CTACCCAAGAGGTTGC","QLQLQESGPGLVKPSETLSLTCTVSGGSISSSSYYWGWIRQPPGKGLEWIGNIFYSGSTYYNPSLKSRVTISGDTSKNQFSLKLSSVTAADTAVYYCGRHEGEYVTFAPFDYWGQGTLVTVSS","DIQMTQSPSSLSASVGDRVTITCRASQDISNFLAWFQQKPGKAPKSLIYAASRLQSGVPSKFSGSGSGTHFTLTISSLQPEDFATYYCLQYYSYPYTFGQGTKLEI","IGK"
"BCP003_Total","BCP3_Total_CTACCCATCGAACGGA","QVQLQESGPGLVKPSGTLSLTCAVSGGSISSSNWWSWVRQPPGKGLEWIGEIYHSGSTNYNPSLKSRVTISVDKSKNQFSLKLSSVTAADTAVYYCARAWSDGYSYGFGFDYWGQGTLVTVSS","DIVMTQSPDSLAVSLGERATINCKSSQSVLYSSNNKNYLAWYQQKPGQPPKLLIYWASTRESGVPDRFSGSGSGTDFTLTISSLQAEDVAVYYCQQYYSTPLTFGGGTKVEIK","IGK"
"BCP003_Total","BCP3_Total_CTAGCCTTCCCGACTT","EMQLVESGGGLVQPGGSLRLSCAASGFTINNKYMSWVRQAPGKGLEWVSVIYSGGGTYYADSVKGRFTISRDISKSTLYLQMNSLSAGDTAVYYCGSGVVESASHYYIYYAMDVWGQGTSVTVSS","EIVLTQSPGTLSLSPGERGTLSCRASQSVGASYLAWYQQRPGQAPRLLIYGASSRATGIPDRFSGSGSGTEFTLSISRLEPEDFAVYYCHQYGSTPLTFGPGTKVEIK","IGK"
"BCP003_Total","BCP3_Total_CTCAGAATCACTCCTG","QITLKESGPTLVKPTQTLTLTCTFSGFSLNTSEVGVGWIRQPPGKALEWLALIYWDDDKRYSPSLKSRLTITKDTSKNQVVLTMTNMDPVDTATYYCAQQGFRFGESISFDYWGQGTLVTVSS","DIVMTQSPLSLPVTPGEPASISCRSSQSLLHSNGYNYLDWYLQKPGQSPHLLIYLASNRASGVPDRFSGSGSGTDFTLKISRVEAEDVGIYYCMQALQTPRTFGQGTKVEIK","IGK"
"BCP003_Total","BCP3_Total_CTCGGGATCGGCGGTT","QVTLRESGPALVKPTQTLTLTCTFSGFSLSTSGMCVSWIRQPPGKALEWLARIDWDDDKYYSTSLRTRLTISKDTSKNQVVLTMTNLDPVDTATYYCSRMPIAAAGYYGANYFDYWGQGTLVTVSS","QSALTQPASVSGSPGQSITISCTGTSSDVAGYNYVSWYQQHPGKAPKLMIYDVSNRPSGVSNRFSGSKSGNTASLTISGLQAEDEAGYYCSSYTSSSTLVFGGGTKLTVL","IGL"
"BCP003_Total","BCP3_Total_CTGAAACGTGAGTGAC","QLQLQESGPGRVKPPETLSLTCAVSGGSMSSSDYNWGWIRQPPGRGLEWIGTIYYSGSTLYHPSLRSRVTISMDTPKKRISLRLNSVTAADTAVYYCARLLLSYEDDYTYYFDYWGRGILVTVSS","QSVLTQPPSASGTPGQSITISCSGSSSNIRDSYVSWYQHLPGTAPKLLVYRTTQRPSGVPDRFSGSKSGASASLAISGLRSEDEAIYYCAAWDNSLSGHVVFGGGTKLTVL","IGL"
"BCP003_Total","BCP3_Total_CTGATAGGTGGTTTCA","QVQLVQSGAEVKKPGASVKVSCKASGYTFTGYYMHWVRQAPGQGLEWMGWINPNSGGTNYAQKFQGRVTMTRDTSISTAYMELSRLRSDDTAVYYCARDIRGYSYGPYFDYWGQGTLVTVSS","QSVLTQPPSASGTPGQRVTISCSGSSSNIGSNTVNWYQQLPGTAPKLLIYSNNQRPSGVPDRFSGSKSGTSASLAISGLQSEDEADYYCAAWDDSLNGVVFGGGTKLTGL","IGL"
"BCP003_Total","BCP3_Total_CTTACCGTCGTAGATC","QVQLVQSGAEVKKPGSSVKVSCKASGSIFSSYTVSWVRQAPGQGLEWMGGIIPLFDVANYAQNFQDRLTITADRSTSTAYMDLSSLRSEDTAVYYCARGEKIVMESSVRFYAMDVWGQGTTVTVSS","QSALTQPASVSGSPGQSITISCTGTNSDIGAYDRVSWYQQPPGKAPKLVIFDVSDRPSGISDRFSGSKSGNTASLAISGLRAEDEGDYYCNSPTTTSTVLFGGGTKLTVL","IGL"
"BCP003_Total","BCP3_Total_CTTGGCTAGTCCAGGA","EVQVVESGGGLVKPGGSLRLSCAASGFTFSSYNMNWVRQAPGKGLEWVSSITGSTNYIYYADSVKGRFTISRDNPKKSLYLQMNSLRAEDTAVYYCAREAPFTIFGAVMGALDIWGQGTMVTVSS","SSELTQDPAVSVALGQTVRITCQGDSLRSYYASWYQQKPGQAPVLVIYGKNNRPSGIPDRFSGSSSGNTASLTITGAQAEDEADYYCNSRDISGKHWVFGGGTKLTVL","IGL"
"BCP003_Total","BCP3_Total_CTTGGCTGTATTACCG","EVQLVESGGGLVQPGGSLRLSCTASGFTLSDYWVTWVRQAPGKGLEWVANIRQDGSRKYYVDSVEGRFILSRDNAKNSVHLQMNSLRAEDTAMYYCARDRDYYDGSSNAYYDSFDQWGQGTMVTVSS","AIQMTQSPSSLSASVGDRVTITCRASQGIRNDLGWYQQKPGKAPNLLIYGASSLQSGVPSRFSGSGSGTDFTLTISSLQPEDFATYYCLQDYSYPRTFGQGTTVEIK","IGK"
"BCP003_Total","BCP3_Total_GACGTGCCACACATGT","EVQLVESGGGLVKPGGSLRLSCAASGLSFSNAWMSWVRQAPGKGLEWVGRINSKADGGTTDYAAPVKGRFTILRDDSKNTMHLEMNSLKTEDTAVYYCTTGGTPAFFRFDPWGQGTLVTVSS","DIQMTQSPSTLSASVGDRVTITCRASQSISSWLAWYQQKPGKAPKLLIYKASTLESGVPSRFSGSGSGTEFTLTISSLQPDDFATYYCQQYNNYPYTFGQGTNLEIK","IGK"
"BCP003_Total","BCP3_Total_GACTACAAGTACGATA","EVQLVESGGGLVQPGGSLRLSCAASGFTFSSYWMNWVRQAPGKGLEWVANIKQDGSEKYYVDSVKGRFTISRDNAKNSLYLQMNSLRAEDTAVYYCARIRRETTVKFSYGSRDYWGQGTLVTVSS","EIVMTQSPATLSVSPGERATLSCRASQSVSSNLAWYQQKPGQAPRLLIYGASTRATGVPARFSGSGSGTEFTLIISSLQSEDFAVYYCQQYNNWPPGGTFGQGTKVEIK","IGK"
"BCP003_Total","BCP3_Total_GAGGTGAGTGTGGTTT","EVQLLESGGGLVQAGGSLRLSCVGTGFTFSHFAMSWVRQAPGTGLEWVSAISGSTGTTYYADSVKGRFTISRDNSKDTLYLEMDNLRAEDTALYYCAKVVAVGLLYFDHWGQGSLVTVSS","IVLTQSPATLSSSLGERVTLFCGAGRTLSTNYLAWYQQKRGLAPKLIIYDASTRAAGVPDRFTGSGSGTDFTLTISRLEAEDSAVYFCQQYGSSPLITFGQGTRLEI","IGK"
"BCP003_Total","BCP3_Total_GATCAGTAGTGTTAGA","QVNLVESGGGVVQPGRSLRLSCAASGFTFSNFAMHWVRQAPGKGLEWVAVISHDENTKRYADSVRGRFTISRDSSKNTLFLQMNSLRAEDTAVYYCAKDHGYSGAQYYFDYWGQGTLVTVSS","DIQMTQSPSTLSASVGDRVTITCRASQSISSWLAWYQQKPGKAPKLLIYKASTLEEGVPSRFSGSGSGTEFTLTISSLQPDDFATYYCQQYNNYPWTFGQGTKVEIK","IGK"
"BCP003_Total","BCP3_Total_GATCAGTGTGTTCGAT","QVQLVQSGAEVKKPGASVKVSCKASGYTLTSHYIYWVRQAPGQGLEWMGIINPSGGSTTYAQKFQGRVIMTRDTSTSTVYMELRSLRSEDTAVYYCARVWAPDILTGYIRPTSEYGMDVWGQGTTVTVSS","DIVMTQSPVSLPVTPGEPASISCRSSQSLLHSNEYNYLDWYLQKPGQSPQLLIYLGSNRASGVPDRFSGSGSGTDFTLKISRVEAEDVGVYYCMQGLQTPLTFGQGSRLEIK","IGK"
"BCP003_Total","BCP3_Total_GATTCAGAGCTTCGCG","EVQLEQSGAEVKKPGESLKISCKGSGYSFTTYWIGWVRQMPGKGLEWMGIIYPGDSDTRYSPSFQGQVTISADKSISTAYLQWSSLKASDTAMYYCARRPSSDWYSFDYWGRGTLVTVSS","SYELTQPPSVSVSPGQTARITCSGDALPKQYAYWYQQKPGQAPVLVIYKDSERPSGIPERFSGSSSGTTVTLTISGVQAEDEADYYCQSADTSSWVFGGGTKLTVL","IGL"
